patient_id,sampleID,VCF_CKD_order,BUN_log_z,eGFR_ranknorm
3,xxx1,2.71469474382088,1,0.73110,-1.00033
8,xxx2,2.72129542785223,2,0.74551,-0.06655
